frame_60,time_s,k0_x,k0_y,k0_vx,k0_vy,k0_speed,k1_x,k1_y,k1_vx,k1_vy
0,0.0,39.90154958701536,35.44639078876028,,,,24.202092744443426,36.4501748604135,,
1,0.016666666666666666,39.83943973020531,35.43275948549427,-3.7265914086032126,-0.8178781959605885,3.815286132140422,24.202092744443426,36.4501748604135,0.0,0.0
2,0.03333333333333333,39.75444680378516,35.41248992284302,-5.099575585208953,-1.2161737590750477,5.242589986020456,24.202092744443426,36.4501748604135,0.0,0.0
3,0.05,39.6453898420932,35.38651375322566,-6.543417701517313,-1.5585701770419291,6.72647427805196,24.202092744443426,36.4501748604135,0.0,0.0
4,0.06666666666666667,39.53016087087844,35.360633973338054,-6.913738272885723,-1.552786793256189,7.085966675851341,24.202092744443426,36.4501748604135,0.0,0.0
5,0.08333333333333333,39.408803505038016,35.336147608163856,-7.28144195042546,-1.46918191045188,7.428182305477886,24.202092744443426,36.4501748604135,0.0,0.0
6,0.1,39.28317163978774,35.313728465587005,-7.537911915016622,-1.3451485546110575,7.656992926242114,24.202092744443426,36.4501748604135,0.0,0.0
7,0.11666666666666667,39.1552925583591,35.294822155180164,-7.672744885718288,-1.1343786244104592,7.756147816076967,24.202092744443426,36.4501748604135,0.0,0.0
8,0.13333333333333333,39.025101640657184,35.277846993119184,-7.811455062115016,-1.0185097236588092,7.877575276989097,24.202092744443426,36.4501748604135,0.0,0.0
9,0.15,38.89111882339482,35.25871805649587,-8.038969035741843,-1.1477361973986433,8.120487764687244,24.202092744443426,36.4501748604135,0.0,0.0
10,0.16666666666666666,38.75300196899913,35.23573029900555,-8.28701126374142,-1.3792654494191936,8.401007610122651,24.202092744443426,36.4501748604135,0.0,0.0
11,0.18333333333333332,38.6115611320637,35.21017483794284,-8.486450216125832,-1.5333276637629467,8.623858242993267,24.202092744443426,36.4501748604135,0.0,0.0
12,0.2,38.46695012137056,35.182259382315216,-8.676660641588398,-1.674927337657266,8.8368445429192,24.202092744443426,36.4501748604135,0.0,0.0
13,0.21666666666666667,38.32194233142367,35.15489838674145,-8.70046739681328,-1.6416597344259287,8.853992297638747,24.202092744443426,36.4501748604135,0.0,0.0
14,0.23333333333333334,38.1821782647176,35.132686538952804,-8.38584400236428,-1.3327108673188093,8.491083434277312,24.202092744443426,36.4501748604135,0.0,0.0
15,0.25,38.050124324514,35.116961088614985,-7.923236412215857,-0.9435270202691015,7.979217911665347,24.202092744443426,36.4501748604135,0.0,0.0
16,0.26666666666666666,37.92294275506021,35.10515886553199,-7.630894167227353,-0.7081333849797034,7.6636804919273125,24.202092744443426,36.4501748604135,0.0,0.0
17,0.2833333333333333,37.79842395994163,35.0926941574747,-7.4711277071149595,-0.7478824834372233,7.508467048942352,24.202092744443426,36.4501748604135,0.0,0.0
18,0.3,37.67541070050114,35.077722493505505,-7.380795566429441,-0.898299838151928,7.435259631825124,24.202092744443426,36.4501748604135,0.0,0.0
19,0.31666666666666665,37.552451193899834,35.059965760061715,-7.3775703960782835,-1.065404006627375,7.454101598880199,24.202092744443426,36.4501748604135,0.0,0.0
20,0.3333333333333333,37.42911413566267,35.04012684134679,-7.400223494229721,-1.1903351228954762,7.495345587052549,24.202092744443426,36.4501748604135,0.0,0.0
21,0.35,37.30757972371915,35.02214294689699,-7.292064716611293,-1.0790336669879252,7.371466711973998,24.202092744443426,36.4501748604135,0.0,0.0
22,0.36666666666666664,37.19007932710646,35.01255891617923,-7.050023796761451,-0.5750418430656623,7.073436834819344,24.202092744443426,36.4501748604135,0.0,0.0
23,0.38333333333333336,37.07624652748109,35.010230735727596,-6.829967977522244,-0.13969082709806457,6.83139635075836,24.202092744443426,36.4501748604135,0.0,0.0
24,0.4,36.96474478635213,35.010775932107336,-6.690104467737683,0.03271178278438924,6.690184440654581,24.202092744443426,36.4501748604135,0.0,0.0
25,0.4166666666666667,36.85459802700602,35.01283505316289,-6.608805560766484,0.12354726333313693,6.609960277210076,24.202092744443426,36.4501748604135,0.0,0.0
26,0.43333333333333335,36.74378122622582,35.01486698843261,-6.649008046811957,0.12191611618320053,6.6501256789594105,24.202092744443426,36.4501748604135,0.0,0.0
27,0.45,36.62994330701931,35.015600115100575,-6.8302751523906124,0.043987600078025935,6.8304167930167505,24.202092744443426,36.4501748604135,0.0,0.0
28,0.4666666666666667,36.51335525320008,35.01545821622854,-6.995283229153699,-0.008513932322244955,6.995288410288928,24.202092744443426,36.4501748604135,0.0,0.0
29,0.48333333333333334,36.39577893522642,35.01557238701849,-7.054579078419891,0.006850247396954501,7.054582404336138,24.202092744443426,36.4501748604135,0.0,0.0
30,0.5,36.27793103255332,35.016097487304535,-7.070874160385898,0.031506017162854505,7.070944351437823,24.202092744443426,36.4501748604135,0.0,0.0
31,0.5166666666666667,36.16005881686134,35.0167097683415,-7.0723329415189085,0.03673686221787875,7.072428354726481,24.202092744443426,36.4501748604135,0.0,0.0
32,0.5333333333333333,36.04283044241738,35.017577426688206,-7.033702466637237,0.05205950080238608,7.0338951215384595,24.202092744443426,36.4501748604135,0.0,0.0
33,0.55,35.92507549348747,35.01949230313293,-7.065296935794834,0.11489258668333946,7.066231039063657,24.202092744443426,36.4501748604135,0.0,0.0
34,0.5666666666666667,35.80424096413355,35.02404223155668,-7.250071761235262,0.272995705424961,7.255209659151239,24.202092744443426,36.4501748604135,0.0,0.0
35,0.5833333333333334,35.67883900806173,35.03197904921937,-7.524117364309149,0.476209059761743,7.539172181380235,24.202092744443426,36.4501748604135,0.0,0.0
36,0.6,35.548459725641635,35.0420974679852,-7.82275694520564,0.6071051259496585,7.846279555159721,24.202092744443426,36.4501748604135,0.0,0.0
37,0.6166666666666667,35.41217031041815,35.05284718543732,-8.177364913409235,0.6449830471272833,8.20276173359546,24.202092744443426,36.4501748604135,0.0,0.0
38,0.6333333333333333,35.27072534249772,35.06358200925445,-8.48669807522569,0.644089429027872,8.511104241673042,24.202092744443426,36.4501748604135,0.0,0.0
39,0.65,35.12569835099268,35.0736487378922,-8.701619490302477,0.6040037182647495,8.722557093289192,24.202092744443426,36.4501748604135,0.0,0.0
40,0.6666666666666666,34.978507920047136,35.08244589786315,-8.831425856732551,0.527829598257199,8.847185244345267,24.202092744443426,36.4501748604135,0.0,0.0
41,0.6833333333333333,34.83164178276941,35.09042725904325,-8.811968236663574,0.47888167080600397,8.824970926785067,24.202092744443426,36.4501748604135,0.0,0.0
42,0.7,34.687956633476375,35.097799985159625,-8.621108957582067,0.44236356698235113,8.632450705558364,24.202092744443426,36.4501748604135,0.0,0.0
43,0.7166666666666667,34.547802678602054,35.10501502066313,-8.409237292459295,0.4329021302103797,8.420372681492715,24.202092744443426,36.4501748604135,0.0,0.0
44,0.7333333333333333,34.41011594925583,35.11344281916835,-8.26120376077327,0.505667910313008,8.276665247098903,24.202092744443426,36.4501748604135,0.0,0.0
45,0.75,34.27469602325057,35.12384093070557,-8.125195560315746,0.623886692233242,8.149112681643349,24.202092744443426,36.4501748604135,0.0,0.0
46,0.7666666666666667,34.14162980025761,35.13511812552338,-7.98397337957752,0.676631689068472,8.012593922597983,24.202092744443426,36.4501748604135,0.0,0.0
47,0.7833333333333333,34.010905703689204,35.146674870190424,-7.84344579410444,0.6934046800228089,7.8740365744217975,24.202092744443426,36.4501748604135,0.0,0.0
48,0.8,33.88281136597182,35.15809806389083,-7.6856602630431325,0.6853916220245537,7.716160661524725,24.202092744443426,36.4501748604135,0.0,0.0
49,0.8166666666666667,33.75854169753245,35.16832003792054,-7.456180106362069,0.613318441782269,7.4813622616165105,24.202092744443426,36.4501748604135,0.0,0.0
50,0.8333333333333334,33.63808214517858,35.1766223038154,-7.227573141232284,0.4981359536917296,7.24471896902997,24.202092744443426,36.4501748604135,0.0,0.0
51,0.85,33.5183678572765,35.183743089001105,-7.182857274124643,0.4272471111423215,7.195552703887643,24.202092744443426,36.4501748604135,0.0,0.0
52,0.8666666666666667,33.395994082534884,35.19007927213947,-7.342426484497082,0.3801709883019555,7.3522620097892775,24.202092744443426,36.4501748604135,0.0,0.0
53,0.8833333333333333,33.2708230213839,35.195878050685415,-7.510263669059185,0.3479267127566743,7.518318520536357,24.202092744443426,36.4501748604135,0.0,0.0
54,0.9,33.144642316323925,35.20161255026303,-7.5708423035983685,0.34406997465680433,7.578656697160453,24.202092744443426,36.4501748604135,0.0,0.0
55,0.9166666666666666,33.01790211106669,35.20780526493347,-7.604412315434104,0.3715628802264348,7.613484460947434,24.202092744443426,36.4501748604135,0.0,0.0
56,0.9333333333333333,32.88998071098776,35.21475633558916,-7.675284004735943,0.41706423934130044,7.686606997439947,24.202092744443426,36.4501748604135,0.0,0.0
57,0.95,32.76009905642941,35.22279303650634,-7.79289927350078,0.48220205503085367,7.807803654601271,24.202092744443426,36.4501748604135,0.0,0.0
58,0.9666666666666667,32.628327630357205,35.231636434316584,-7.906285564332336,0.5306038686147474,7.92407041173656,24.202092744443426,36.4501748604135,0.0,0.0
59,0.9833333333333333,32.4951629199661,35.24021050609316,-7.9898826234664,0.5144443065947257,8.006427248239882,24.202092744443426,36.4501748604135,0.0,0.0
60,1.0,32.360867162178536,35.2479897433416,-8.057745467253739,0.46675423490611934,8.071252785711211,24.202092744443426,36.4501748604135,0.0,0.0
61,1.0166666666666666,32.2258659684841,35.256056443997764,-8.100071621666132,0.48400203936992625,8.114518978364352,24.202092744443426,36.4501748604135,0.0,0.0
62,1.0333333333333334,32.09091897142946,35.266603801680155,-8.096819823278452,0.6328414609434674,8.121513379002952,24.202092744443426,36.4501748604135,0.0,0.0
63,1.05,31.955360802859676,35.27907394706678,-8.133490114187012,0.7482087231973367,8.1678318868012,24.202092744443426,36.4501748604135,0.0,0.0
64,1.0666666666666667,31.81657923117602,35.29164774050147,-8.326894301019294,0.754427606081407,8.361000521059983,24.202092744443426,36.4501748604135,0.0,0.0
65,1.0833333333333333,31.674198025593387,35.3039986063235,-8.542872334958034,0.7410519493221557,8.574953394799618,24.202092744443426,36.4501748604135,0.0,0.0
66,1.1,31.532742394545988,35.31577856861912,-8.487337862843987,0.7067977377371903,8.516716916754692,24.202092744443426,36.4501748604135,0.0,0.0
67,1.1166666666666667,31.3969391188557,35.3257757182465,-8.148196541417363,0.5998289776424315,8.170244897185484,24.202092744443426,36.4501748604135,0.0,0.0
68,1.1333333333333333,31.267388767393637,35.33512173842007,-7.773021087723677,0.5607612104144266,7.793222052867635,24.202092744443426,36.4501748604135,0.0,0.0
69,1.15,31.142973522196918,35.346431655996724,-7.464914711803132,0.6785950545992137,7.4956949579489525,24.202092744443426,36.4501748604135,0.0,0.0
70,1.1666666666666667,31.023099171915295,35.3603912436996,-7.192461016897411,0.8375752621726917,7.241065377373181,24.202092744443426,36.4501748604135,0.0,0.0
71,1.1833333333333333,30.905307743820245,35.37587547194954,-7.067485685702977,0.9290536949963268,7.128288341937552,24.202372910196615,36.450082454605976,0.016809945191340603,-0.005544348451280712
72,1.2,30.78691836144698,35.39159683188579,-7.103362942395961,0.9432815961750407,7.16572014950952,24.204799271227614,36.44934154030532,0.1455816618599215,-0.04445485803941551
73,1.2166666666666666,30.668501150300344,35.40670467484288,-7.105032668798117,0.9064705774251536,7.162623690549852,24.209798699000533,36.44803592270531,0.29996566637514377,-0.07833705600063468
74,1.2333333333333334,30.55299023787892,35.42015583339912,-6.930654745285452,0.8070695133746142,6.977487828564553,24.217142228868227,36.4465778167001,0.4406117920616026,-0.08748636031256751
75,1.25,30.441416174321134,35.4314342623817,-6.694443813467146,0.6767057389546949,6.728559179259907,24.22660035948103,36.44502658555288,0.5674878367681657,-0.09307386883307345
76,1.2666666666666666,30.33232928521922,35.44173311072023,-6.5452133461148065,0.6179309003117339,6.574317937529296,24.236177289413362,36.4435535241565,0.5746157959399767,-0.08838368378292216
77,1.2833333333333334,30.224298589232994,35.452554056499395,-6.481841759173577,0.6492567467499555,6.514277159759687,24.24333010550706,36.44274342240863,0.4291689656218267,-0.04860610487199324
78,1.3,30.116588089080864,35.46425317533124,-6.462630009127821,0.7019471299105362,6.500639692220228,24.247701202745866,36.44250887341217,0.2622658343283746,-0.014072939787581618
79,1.3166666666666667,30.008544476593812,35.476564701265175,-6.482616749223098,0.738691556036315,6.524567811914227,24.25116071881148,36.44219133194977,0.2075709639368739,-0.01905248774406232
80,1.3333333333333333,29.899780248017066,35.489469264615735,-6.52585371460475,0.774273801033587,6.571625873662287,24.25511343809409,36.44153856311777,0.23716315695651247,-0.03916612992028945
81,1.35,29.79093001260031,35.502739450096506,-6.531014125005399,0.7962111288462381,6.579369093060415,24.25924113402629,36.44087606354523,0.24766175593207151,-0.03974997435207683
82,1.3666666666666667,29.68278041527314,35.515780786910454,-6.4889758396302,0.7824802088369154,6.535983684536393,24.26315567686392,36.44077700787364,0.23487257025784913,-0.005943340295431199
83,1.3833333333333333,29.575170825614663,35.52885161499057,-6.456575379508607,0.7842496848070368,6.504030534937289,24.266906905002042,36.441104834758505,0.22507368828726726,0.019669613091792826
84,1.4,29.467384248832527,35.543021741382994,-6.467194606928146,0.8502075835453127,6.522841330202541,24.270003760421,36.441536452348146,0.18581132513759258,0.025897055378436562
85,1.4166666666666667,29.359072671268198,35.55857389619149,-6.498694653859758,0.9331292885097753,6.565345571497373,24.27192824535559,36.442068727422246,0.11546909607524469,0.031936504446008485
86,1.4333333333333333,29.25004272199358,35.57442029342568,-6.541796956477057,0.9507838340515207,6.610529276757362,24.273553137930392,36.44231151951895,0.09749355448818164,0.014567525802391401
87,1.45,29.13992797404218,35.58932140056265,-6.606884877083985,0.8940664282182809,6.66710451073838,24.274814862283627,36.441699572863556,0.075703461194081,-0.036716799323812666
88,1.4666666666666666,29.02894582247663,35.6033365686247,-6.658929093933068,0.8409100837226902,6.7118154360005144,24.27481297234881,36.44019182425761,-0.00011339608910532206,-0.09046491635672282
89,1.4833333333333334,28.917104976101122,35.61739758536966,-6.710450782530444,0.8436610046976512,6.7632768386050035,24.26366613247916,36.436395203135945,-0.668810392178969,-0.227797267299934
90,1.5,28.804999827580676,35.63230638930332,-6.726308911226724,0.894528236019454,6.7855296281339825,24.2340877845646,36.428164005845886,-1.7747008748735027,-0.4938718374035034
91,1.5166666666666666,28.695906400970934,35.648965946544905,-6.545605596584565,0.9995734344953178,6.621487723841821,24.202001145104493,36.41614032471851,-1.9251983676064555,-0.7214208676424505
92,1.5333333333333334,28.59350421410923,35.6684003748443,-6.14413121170216,1.1660656979638873,6.253803447389489,24.18548848358588,36.40132039587611,-0.9907596911168781,-0.8891957305439746
93,1.55,28.497458053577333,35.690853802792006,-5.762769631913898,1.3472056768621599,5.918148102766495,24.18195908654896,36.38225873694867,-0.21176382221504753,-1.1436995356464763
94,1.5666666666666667,28.404499975422166,35.71613391123502,-5.577484689310026,1.5168065065807923,5.780055141423271,24.176317624164806,36.34195800067987,-0.338487743049285,-2.4180441761282623
95,1.5833333333333333,28.313234334965518,35.743957178222864,-5.475938427398859,1.6693960192706925,5.7247519360947265,24.159878890223105,36.269540968944355,-0.9863240365020687,-4.345021904130704
96,1.6,28.224520817028022,35.773318166319115,-5.322811076249749,1.761659285775039,5.60676031167772,24.12607116963924,36.19131560669085,-2.02846323503195,-4.693521735210311
97,1.6166666666666667,28.138917584820625,35.802997606587624,-5.136193932443831,1.7807664161105663,5.436139911777483,24.064436723114994,36.11573002471992,-3.6980667914546927,-4.535134918255608
98,1.6333333333333333,28.05663280470279,35.8328518231435,-4.937086807070088,1.7912529933525434,5.25199137725301,23.97902003375998,36.04441600051966,-5.1250013613008605,-4.27884145201574
99,1.65,27.978781273802014,35.86356551158126,-4.671091854046594,1.8428213062654208,5.021462882046052,23.89230744415589,35.99549052357347,-5.20275537624542,-2.935528616771279
100,1.6666666666666667,27.905257523401744,35.895404364081756,-4.411425024016182,1.910331150029947,4.8072898649125495,23.819483824229902,35.98185461531794,-4.369417195559251,-0.818154495331811
101,1.6833333333333333,27.831821907825347,35.928107190328504,-4.406136934583813,1.962169574804875,4.823292664414382,23.753357140780274,35.97828566115114,-3.967601006977688,-0.21413725000812178
102,1.7,27.753926483257437,35.96147027727153,-4.673725474074573,2.0017852165815953,5.084373497328674,23.68847948008699,35.97964598945712,-3.8926596415970494,0.08161969835867922
103,1.7166666666666666,27.671642722050464,35.99533320226175,-4.9370256724184,2.0317754994130155,5.338757736602529,23.62434856242802,35.986491373247446,-3.84785505953829,0.4107230274196638
104,1.7333333333333334,27.58815766384027,36.02929073222962,-5.009103492611615,2.037451798072283,5.407617555741332,23.56158159256594,35.99805956206087,-3.7660181917247115,0.6940913288052286
105,1.75,27.504769865425153,36.06310944132738,-5.003267904907034,2.029122545865505,5.399076590900756,23.500355360287358,36.01403663853771,-3.6735739367149023,0.9586245886106326
106,1.7666666666666666,27.42098298135691,36.097367240291824,-5.027213044094552,2.0554679378668084,5.431189504548045,23.441536040929755,36.030000802376044,-3.5291591614561924,0.957849830300006
107,1.7833333333333334,27.336489105394577,36.13278752641043,-5.069632557740036,2.125217167116489,5.497064878451446,23.385961903414426,36.03740965461317,-3.334448250919735,0.44453113422761703
108,1.8,27.250447233950617,36.16889114054454,-5.162512286637622,2.1662168480463606,5.598573795391493,23.333456251871155,36.034934078594446,-3.150339092596255,-0.1485345611234834
109,1.8166666666666667,27.16104773692637,36.204544578863704,-5.363969821454759,2.139206299149947,5.774805263885547,23.28352050687851,36.02576978424473,-2.996144699558698,-0.5498576609829797
110,1.8333333333333333,27.067410570311928,36.23877166447999,-5.618229996866546,2.0536251369772174,5.98179609322449,23.235478023030574,36.01085200553442,-2.8825490308761914,-0.8950667226187647
111,1.85,26.970775190230334,36.27018752219893,-5.798122804895627,1.8849514631364173,6.096824589819757,23.18722657788853,35.99288660644456,-2.8950867085225696,-1.0779239453916034
112,1.8666666666666667,26.87231524556799,36.29823789500619,-5.907596679740692,1.683022368435445,6.142659263147949,23.13664568489876,35.97633759522961,-3.034853579386265,-0.992940672896907
113,1.8833333333333333,26.773447437022956,36.32178622221329,-5.932068512702031,1.4128996324261323,6.098009692571896,23.083319527318565,35.961353764341325,-3.199569454811666,-0.8990298532970087
114,1.9,26.676318417961724,36.339358500746044,-5.82774114367389,1.0543367119652203,5.922346894590614,23.027014721805685,35.9436886633372,-3.3782883307728184,-1.059906060247613
115,1.9166666666666667,26.58223650324519,36.35103268796196,-5.644914882991969,0.7004512329550039,5.688206744306366,22.96808420530099,35.92111587739406,-3.5358309902817098,-1.3543671565884097
116,1.9333333333333333,26.4905255596766,36.358188666277655,-5.50265661411558,0.42935869894165535,5.519382094512647,22.910581228723753,35.89576651071006,-3.450178594634181,-1.520962001039834
117,1.95,26.400552542287922,36.36116787345855,-5.398381043320555,0.17875243085356374,5.4013396783037795,22.858060399216058,35.869459358467445,-3.151249770461746,-1.5784291345569557
118,1.9666666666666666,26.311862148513327,36.36105994918066,-5.321423626475692,-0.006475456673484814,5.321427566354054,22.810622412481585,35.84234302955058,-2.8462792040683382,-1.6269797350120996
119,1.9833333333333334,26.224080425026408,36.358818226452705,-5.266903409215189,-0.13450336367711202,5.26862056679384,22.766613331304256,35.81399661433282,-2.6405448706397294,-1.700784913065263
120,2.0,26.13682756351148,36.35401005332336,-5.235171690895584,-0.28849038776087355,5.243114469185747,22.72413820842786,35.784071734372816,-2.5485073725837992,-1.7954927976003887
121,2.0166666666666666,26.049350077637197,36.346749552134725,-5.248649152457077,-0.43563007131794507,5.266696448878069,22.679068587719435,35.75148459357747,-2.7041772425054944,-1.9552284477205717
122,2.033333333333333,25.960739852288498,36.33688074737571,-5.316613520921933,-0.5921282855409515,5.349485511466274,22.62743691908458,35.715165238662294,-3.0979001180912746,-2.1791612949107275
123,2.05,25.870105425017396,36.324962894420906,-5.438065636266103,-0.715071177288138,5.484877815678896,22.56957497020478,35.67584024360632,-3.471716932788027,-2.359499703358665
124,2.066666666666667,25.77627948730675,36.312592293528894,-5.629556262638857,-0.7422360535207417,5.678275977210198,22.509060108200252,35.63612829124575,-3.630891720271663,-2.382717141634174
125,2.0833333333333335,25.67854216660619,36.3008179805316,-5.864239242033591,-0.7064587798377886,5.906639137057265,22.44843731100763,35.598548862243206,-3.637367831557299,-2.2547657401524646
126,2.1,25.57756280709103,36.28901627042549,-6.058761570909468,-0.7081026063663387,6.100000088055094,22.389328067042996,35.564486860153764,-3.5465546378780743,-2.0437201253665194
127,2.1166666666666667,25.473921560186167,36.27580800110661,-6.218474814291852,-0.7924961591328383,6.268770148778977,22.333973596990447,35.53486029483498,-3.321268203152954,-1.7775939191271561
128,2.1333333333333333,25.368708725374905,36.26073042858866,-6.312770088675705,-0.9046543510771698,6.377261613529865,22.28200264818434,35.50938540225356,-3.118256928366492,-1.528493554885273
129,2.15,25.263642860632785,36.24411535414854,-6.303951884527166,-0.9969044664070736,6.382290174974496,22.230806089416124,35.48697402074536,-3.0717935260928897,-1.3446828904919528
130,2.1666666666666665,25.159877731725423,36.22595420840588,-6.2259077344417335,-1.0896687445595887,6.320546265209319,22.178702600896003,35.466547585770286,-3.126209311207262,-1.2255860985042943
131,2.183333333333333,25.057711927326437,36.20565693317032,-6.129948263939156,-1.2178365141338077,6.2497513145507035,22.12471954124747,35.44650313492188,-3.238983578912027,-1.2026670509041537
132,2.2,24.957680674372742,36.18211317340843,-6.001875177221692,-1.4126255857131298,6.165875176190422,22.067790217796073,35.42605282746544,-3.4157594070837405,-1.2270184473865697
133,2.216666666666667,24.859702716125355,36.15499681724585,-5.878677494843245,-1.6269813697547875,6.099665356878656,22.00778667419445,35.40460303374549,-3.6002126160974512,-1.2869876231971489
134,2.2333333333333334,24.762998615775153,36.1243579614758,-5.80224602101211,-1.838331346203006,6.086503185473858,21.945416596049522,35.380345882158814,-3.742204688695594,-1.4554290952004578
135,2.25,24.667325767065094,36.09029802792161,-5.740370922603546,-2.043596013251374,6.093286715266991,21.881100626700107,35.351482785063126,-3.8589581609649315,-1.731785825741241
136,2.2666666666666666,24.573416782497727,36.05430170143146,-5.634539074042024,-2.15977958940897,6.034291876577892,21.815074067301005,35.31918484121546,-3.961593563946124,-1.9378766308599893
137,2.283333333333333,24.48240653347691,36.01964444092292,-5.46061494124892,-2.0794356305127337,5.843147103918986,21.747743122069927,35.2844453374041,-4.039856713864651,-2.0843702286815358
138,2.3,24.39378099601313,35.98662034978031,-5.317532247826833,-1.9814454685564442,5.674704869113561,21.678915816578446,35.247672325602785,-4.129638329488898,-2.206380708078939
139,2.316666666666667,24.305716616654294,35.95250653569492,-5.283862761530216,-2.0468288451232297,5.666455153260653,21.607779508338027,35.210271208888486,-4.268178494425143,-2.2440670028579746
140,2.3333333333333335,24.217225011324103,35.91650319335257,-5.309496319811444,-2.1602005405412683,5.732121557106589,21.533721156002322,35.17370335057198,-4.443501140142274,-2.194071498990553
141,2.35,24.128244916336524,35.88124533507931,-5.338805699254792,-2.115471496395287,5.74265321488738,21.456367711533165,35.13643464493812,-4.641206668149422,-2.236122338031379
142,2.3666666666666667,24.03842871519637,35.849050322681165,-5.388972068409146,-1.9317007438888822,5.724725995017998,21.374575965151934,35.09642714781941,-4.907504782873886,-2.400449827122486
143,2.3833333333333333,23.948333131276208,35.81980033012964,-5.4057350352098155,-1.7549995530916362,5.683484380399642,21.290042947331926,35.05508552114978,-5.071981069200433,-2.4804976001780688
144,2.4,23.85970468581519,35.79100046628693,-5.317706727661147,-1.7279918305624165,5.591418479053689,21.207513893704085,35.016669877323956,-4.9517432176704546,-2.304938629549298
145,2.4166666666666665,23.773383864673704,35.760262510573135,-5.179249268489059,-1.8442773428277803,5.4978161030005674,21.12969297463876,34.983291727614116,-4.669255143919457,-2.0026889825903993
146,2.433333333333333,23.688232897902367,35.727371423274036,-5.109058006280236,-1.9734652379459305,5.476955245108104,21.055206275182343,34.95353426161934,-4.469201967385104,-1.7854479596866213
147,2.45,23.603336092426268,35.69241639060502,-5.0938083285659275,-2.097301960141067,5.5086803138482425,20.982816964989794,34.92594969191434,-4.343358611552901,-1.655074182299927
148,2.466666666666667,23.51685829570644,35.65559328457736,-5.188667803189588,-2.209386361659682,5.639473527461945,20.910956010785856,34.89902563058998,-4.311657252236287,-1.6154436794614924
149,2.4833333333333334,23.42492058897357,35.61784613985881,-5.516262403972263,-2.264828683112654,5.963103208341077,20.836762805195075,34.87091114818739,-4.451592335446861,-1.6868689441555773
150,2.5,23.325068596788334,35.5806596159543,-5.99111953111418,-2.2311914342705563,6.3931000658882295,20.758747738173366,34.84066901756108,-4.680904021302581,-1.8145278375783391
151,2.5166666666666666,23.21983221753512,35.54511713061075,-6.314182755192803,-2.132549120613305,6.664583229115138,20.679016649189112,34.8084779946404,-4.783865339055211,-1.9314613752410992
152,2.533333333333333,23.112107744916024,35.51152506097144,-6.463468357145814,-2.015524178358703,6.7704328456438985,20.5999317136076,34.77454404959441,-4.745096134890758,-2.0360367027592474
153,2.55,23.00304882756194,35.480171688403935,-6.543535041245008,-1.8812023540500888,6.808580845733192,20.522636969959006,34.73908752170627,-4.637684618915614,-2.1273916732886278
154,2.566666666666667,22.89312920563391,35.45200501719619,-6.595177315681724,-1.6900002724645447,6.808264444497807,20.448078358292072,34.70236171527252,-4.47351670001602,-2.203548386025034
155,2.5833333333333335,22.783293652301435,35.427469147207375,-6.590133199948625,-1.472152199329031,6.752561565143587,20.377015786628906,34.66464132366454,-4.263754299789966,-2.263223496478588
156,2.6,22.674280917477095,35.40479067496202,-6.540764089460396,-1.3607083347211812,6.680802500160769,20.308247425122065,34.62633881342141,-4.126101690410451,-2.298150614587655
157,2.6166666666666667,22.56673239329102,35.38275178443267,-6.452911451164525,-1.322333431761109,6.587004774654666,20.23952692037482,34.586719928884776,-4.123230284834634,-2.3771330721982054
158,2.6333333333333333,22.461177011443958,35.361306389884426,-6.333322910823682,-1.2867236728946807,6.462711265649405,20.172674332553598,34.549413918176214,-4.0111552692734165,-2.238360642513726
159,2.65,22.35834891987433,35.341135954168415,-6.169685494177628,-1.2102261429606642,6.287262235199935,20.112394360401925,34.52168603497299,-3.616798329100348,-1.6636729921935967
160,2.6666666666666665,22.258755712336495,35.32258626733634,-5.9755924522701775,-1.1129812099244418,6.078357700010192,20.06002062032049,34.50602450217271,-3.1424244048861283,-0.9396919680168025
161,2.683333333333333,22.161680938250644,35.30516674458758,-5.824486445151038,-1.0451713649256078,5.917518528218449,20.013418897857935,34.498716482129474,-2.7961033477532737,-0.4384812025939766
162,2.7,22.066664510675153,35.28853243962743,-5.700985654529447,-0.9980582976089636,5.787690195455925,19.968192499031986,34.493678192528805,-2.7135839295569752,-0.3022973760401726
163,2.716666666666667,21.97292668670429,35.27248915207478,-5.62426943825173,-0.96259725315889,5.706049437731982,19.92453600128863,34.48584549455889,-2.6193898646013736,-0.4699618781950221
164,2.7333333333333334,21.878998811395526,35.25680029742184,-5.635672518525894,-0.9413312791765804,5.713747396693715,19.88435924448434,34.47015760559346,-2.4106054082573536,-0.9412733379258498
165,2.75,21.78357079612684,35.24083175658157,-5.725680916121263,-0.9581124504161664,5.805290812773956,19.8471962824355,34.444694533819344,-2.2297777229303506,-1.5277843064467334
166,2.7666666666666666,21.6859085541733,35.223304189444136,-5.859734517212374,-1.051654028246105,5.95335743991039,19.817449736330264,34.41566807327054,-1.7847927663142116,-1.741587632928372
167,2.783333333333333,21.58437242326383,35.20264554866913,-6.09216785456816,-1.2395184465002274,6.216986017954999,19.804313409375542,34.39217173392183,-0.7881796172833333,-1.409780360922639
168,2.8,21.480709518307883,35.17943936368634,-6.219774297356793,-1.392371098967402,6.373718662390102,19.804768837764705,34.37633179919251,0.027325703349774244,-0.9503960837588465
169,2.816666666666667,21.380504115536475,35.15636113715929,-6.012324166284486,-1.3846935916232894,6.169717839834416,19.808651160481723,34.36564635435988,0.23293936302110296,-0.6411266899579005
170,2.8333333333333335,21.286916037647995,35.135115408154135,-5.615284673308807,-1.2747437403091055,5.758158869443777,19.814183491033244,34.35944043826216,0.33193983309125485,-0.3723549658631953
171,2.85,21.197728314040393,35.115454099084474,-5.351263416456078,-1.1796785441796942,5.479750142104939,19.819054219104157,34.356049924223775,0.2922436842547427,-0.20343084230319164
172,2.8666666666666667,21.110145311124548,35.09735657240596,-5.254980174950745,-1.0858516007110097,5.36599388164877,19.818531602869847,34.35637166463062,-0.031356974058596165,0.019304424410790944
173,2.8833333333333333,21.023158449302613,35.08007155290933,-5.219211709316056,-1.0371011697975518,5.3212545234237085,19.81169842134273,34.35956454998256,-0.4099908916270323,0.1915731211161642
174,2.9,20.93576297407713,35.06191751875128,-5.243728513529078,-1.0892420494830901,5.355664007941498,19.798107141518706,34.35828763240165,-0.815476789441405,-0.0766150548545852
175,2.9166666666666665,20.847652318764943,35.041912108129225,-5.286639318731119,-1.2003246373232912,5.421193090208014,19.773531847385982,34.34341017753549,-1.474517647963438,-0.8926472919695527
176,2.933333333333333,20.763275534062522,35.0200043126968,-5.062607082145263,-1.3144677259455761,5.230469947408158,19.738913935648707,34.31516416612256,-2.0770747042364945,-1.694760684775929
177,2.95,20.688197094122398,34.99609939606184,-4.504706396407485,-1.4342949980976982,4.727534437674948,19.696651712013942,34.27199494553303,-2.535733418085897,-2.5901532353715595
178,2.966666666666667,20.62217828061042,34.97009726948404,-3.961128810718648,-1.5601275946676196,4.2572925159951955,19.64734846850928,34.21505379238917,-2.9581946102798184,-3.4164691886316234
179,2.9833333333333334,20.560905184904737,34.942083028942136,-3.6763857423409974,-1.6808544325144226,4.042410635968537,19.591648592550907,34.153410188387866,-3.34199255750228,-3.698616240078252
180,3.0,20.501660482216405,34.912040859744295,-3.5546821612999224,-1.802530151870485,3.985584049579951,19.532558767271112,34.09728457125557,-3.5453895167876937,-3.367537027937715
181,3.0166666666666666,20.441398639874645,34.87960116159921,-3.6157105405055745,-1.946381888704991,4.106307973033918,19.47255747771588,34.04774256811944,-3.600077373313866,-2.9725201881679197
182,3.033333333333333,20.37672448067125,34.844095162221485,-3.8804495522037286,-2.1303599626635616,4.426773350615322,19.411641874661925,34.00478835652267,-3.654936183237396,-2.5772526958063224
183,3.05,20.307771010973337,34.80555516264971,-4.137208181874783,-2.312399974306487,4.7395870264553945,19.355006829699924,33.9701585656146,-3.39810269772002,-2.0777874544842234
184,3.066666666666667,20.23769414497899,34.76448342643106,-4.204611959660696,-2.4643041731188475,4.873556892965622,19.311396287721976,33.94515664171854,-2.61663251867688,-1.5001154337633693
185,3.0833333333333335,20.168505115581155,34.72130469202401,-4.151341763870207,-2.590724064423,4.893412880437683,19.282652292227677,33.92862627276163,-1.7246397296579374,-0.9918221374144309
186,3.1,20.10137187306648,34.677131416853406,-4.027994550880507,-2.650396510236419,4.821757124057209,19.264837318644553,33.91793488476364,-1.068898414987487,-0.641483279879651
187,3.1166666666666667,20.038210300829956,34.63367586938594,-3.789694334191438,-2.607332848048003,4.599996492076141,19.246963223526773,33.902725632774896,-1.0724457070667626,-0.912555119324594
188,3.1333333333333333,19.978237243268982,34.591150593043444,-3.5983834536584425,-2.551516580549702,4.411190354131513,19.220822402426187,33.87659409889989,-1.5684492660351879,-1.56789203250014
189,3.15,19.917518467670266,34.5483557292386,-3.6431265359229315,-2.567691828290606,4.45706319024267,19.183590955793097,33.83879636284591,-2.2338867979853916,-2.2678641632388974
190,3.1666666666666665,19.85318947869608,34.50471029617503,-3.859739338451149,-2.6187259838144428,4.66425916294241,19.13540184431615,33.78950067779943,-2.8913466886168493,-2.9577411027888445
191,3.183333333333333,19.78512334540943,34.46047896706817,-4.083967997198954,-2.653879746411434,4.87051047740974,19.07794410218011,33.73256255117182,-3.447464528162456,-3.416287597656833
192,3.2,19.712974294642454,34.415891836336286,-4.328943046018665,-2.675227843913035,5.088869413978014,19.022043467780016,33.681257802970286,-3.3540380640055645,-3.078284892091858
193,3.216666666666667,19.63737759026305,34.371221729811076,-4.535802262764221,-2.6802063915125984,5.268492048774679,18.971748921669782,33.63856175620784,-3.0176727666140124,-2.561762805746639
194,3.2333333333333334,19.560573687156108,34.327059024491184,-4.608234186416524,-2.649762319193485,5.3157372644888685,18.923915298692386,33.59182461967359,-2.8700173786437944,-2.8042281920552625
195,3.25,19.484571913303277,34.28383758105631,-4.560106431169828,-2.59328660609242,5.245922805849774,18.87827559247269,33.53254635892859,-2.738382373181736,-3.556695644699772
196,3.2666666666666666,19.41038851876165,34.241308523426405,-4.451003672497649,-2.551743457794373,5.130577781009069,18.833134905035305,33.47150561037658,-2.7084412462431118,-3.662444913120595
197,3.283333333333333,19.3389903298498,34.19959352199717,-4.283891334711001,-2.5029000857539074,4.961474962839066,18.785663226496958,33.41353782768475,-2.8483007123008264,-3.478066961509967
198,3.3,19.270680972621207,34.15777141706749,-4.09856143371556,-2.5093262957811646,4.80571787401626,18.736553377137156,33.35952425082237,-2.9465909615881003,-3.240814611742877
199,3.316666666666667,19.205167786889735,34.11244714956429,-3.930791143888328,-2.7194560501918374,4.779807551125453,18.68936428626415,33.31636387203444,-2.831345452380276,-2.5896227272758665
200,3.3333333333333335,19.142352093262005,34.06091380712889,-3.768941617663799,-3.0920005461238986,4.874975722461467,18.645500626587364,33.2891811347646,-2.631819580607271,-1.6309642361903798
201,3.35,19.081903149803903,34.00612861030334,-3.6269366074861153,-3.2871118095329166,4.894872133477406,18.60471852841784,33.26438065040824,-2.446925890171343,-1.4880290613812974
202,3.3666666666666667,19.023567054865733,33.95085493149285,-3.500165696290196,-3.3164207286296232,4.821805299965033,18.567218877565324,33.23409470088245,-2.24997905115103,-1.8171569715474334
203,3.3833333333333333,18.967084525778148,33.8961215319455,-3.3889517452551132,-3.284003972841134,4.719075759648708,18.53124708902084,33.19819779646685,-2.158307312668981,-2.1538142649360736
204,3.4,18.91230955194965,33.84328432058678,-3.286498429709823,-3.170232681522833,4.566338487615717,18.49337307349696,33.160140803681344,-2.2724409314327687,-2.2834195671303803
205,3.4166666666666665,18.858851986422465,33.79388308944149,-3.20745393163115,-2.9640738687173496,4.367321218178159,18.4516854176863,33.12308716714362,-2.501259348639735,-2.223218192263232
206,3.433333333333333,18.805115505209336,33.746394112043234,-3.224188872787721,-2.849338643895578,4.3028042710545,18.40453636784398,33.08485723697823,-2.828942990539076,-2.29379580992358
207,3.45,18.748756591521158,33.69928690085761,-3.381534821290728,-2.826432671137553,4.4072099328345455,18.347463778768883,33.040405227988614,-3.4243553445058694,-2.6671205393769526
208,3.466666666666667,18.690460029282423,33.65255343788553,-3.4977937343240484,-2.8040077783246886,4.482970067799017,18.280996540857473,32.99065696768524,-3.988034274684651,-2.984895618202472
209,3.4833333333333334,18.633912877390923,33.60743645461362,-3.3928291134900235,-2.7070189963146163,4.3404194773954385,18.210472725395373,32.94126065491379,-4.231428927725958,-2.963778766286964
210,3.5,18.581123653595448,33.56463124733643,-3.1673534277285142,-2.5683124366314303,4.07778818825834,18.138476731108245,32.894146913745615,-4.319759657227706,-2.8268244700905143
211,3.5166666666666666,18.53082878550391,33.522618630886974,-3.017692085492243,-2.5207569869672852,3.9320072876568917,18.06664521612788,32.84847534848673,-4.30989089882182,-2.7402939155331296
212,3.533333333333333,18.480979133485636,33.47946544857953,-2.9909791210964443,-2.589190938446535,3.95599112973835,17.99969905814395,32.80156950256401,-4.0167694790358865,-2.814350755363364
213,3.55,18.430982701097577,33.43540377411212,-2.999785943283584,-2.6437004680448695,3.9984831961960827,17.936832807220462,32.75055508691459,-3.7719750554092712,-3.060864938965153
214,3.566666666666667,18.381286190376624,33.39271900968367,-2.981790643257156,-2.5610858657070423,3.9306788538037947,17.871302877577627,32.69240950601495,-3.9317957785701196,-3.488734853978457
215,3.5833333333333335,18.331909785764267,33.352628719212056,-2.9625842767413957,-2.40541742829663,3.8161418476189417,17.799664425393512,32.62606278166828,-4.298307131046855,-3.980803460799933
216,3.6,18.28239075642933,33.31354369683762,-2.9711417600962875,-2.3451013424661937,3.785126637911182,17.7221542245947,32.55503692690838,-4.650612047928746,-4.261551285594152
217,3.6166666666666667,18.23211337549031,33.27301663462799,-3.0166428563411074,-2.431623732577606,3.874651997218393,17.638728351375498,32.48726940002456,-5.005552393152115,-4.066051613029202
218,3.6333333333333333,18.17983674213158,33.22979853708942,-3.1365980015237938,-2.593085852314232,4.069685646414878,17.55048461968024,32.42547295431086,-5.294623901715454,-3.7077867428217814
219,3.65,18.123591138855197,33.183291291470454,-3.3747361965830436,-2.7904347371381277,4.378969104567298,17.45992823494769,32.367546962947216,-5.433383083953061,-3.4755594818187774
220,3.6666666666666665,18.062123971953394,33.13281399466514,-3.688030014108179,-3.028637808318706,4.772233476993797,17.369189054116426,32.31327069033284,-5.444350849875832,-3.2565763568624106
221,3.683333333333333,17.995860726064482,33.0787647147235,-3.975794753334725,-3.242956796498646,5.13066396332879,17.281536702642157,32.26218684938809,-5.2591410884561185,-3.0650304566853492
222,3.7,17.925370493099244,33.02197461559699,-4.2294139779142625,-3.407405947590547,5.431239074856858,17.200753110051366,32.21448221435568,-4.847015555447456,-2.862278101944611
223,3.716666666666667,17.851959833848134,32.96284908272735,-4.404639555066581,-3.5475319721781773,5.655601886950983,17.127932769201465,32.168619863860314,-4.369220450994078,-2.751741029721728
224,3.7333333333333334,17.77771481717533,32.901373949643435,-4.4547010003682885,-3.6885079850350166,5.783550134506427,17.06220782217129,32.120483723061994,-3.9434968218105837,-2.8881684478992042
225,3.75,17.704130835355578,32.83775717941374,-4.415038909185114,-3.817006213781582,5.836274925469643,17.00338024198382,32.066458182166,-3.529654811248122,-3.2415324537595325
226,3.7666666666666666,17.63254011668316,32.772901256128115,-4.295443120345084,-3.8913553971376302,5.795988132057559,16.950126829668207,32.00612480286731,-3.195204738936752,-3.6200027579214122
227,3.783333333333333,17.565107060099873,32.70829054610506,-4.045983394997208,-3.8766426013832245,5.6034221232611445,16.901298048991777,31.938520003431677,-2.929726840585829,-4.056287966138115
228,3.8,17.50210301323466,32.644150443019626,-3.7802428119127995,-3.848406185126123,5.394484765270487,16.85613855170133,31.864533697086287,-2.709569837426713,-4.4391783807233764
229,3.816666666666667,17.44186752902892,32.579233615519286,-3.6141290523444525,-3.8950096500204268,5.313476167327041,16.813946938129433,31.787890519024863,-2.5314968143138827,-4.598590683685444
230,3.8333333333333335,17.38374239930305,32.51297756948523,-3.487507783552175,-3.9753627620433463,5.2883097139046145,16.774107181082716,31.71192273167729,-2.3903854228030497,-4.558067240854342
231,3.85,17.32796644623976,32.44676717874959,-3.3465571837973584,-3.9726234441384634,5.194341345478198,16.73631196463472,31.638511194169,-2.2677129868797863,-4.404692250497533
232,3.8666666666666667,17.275266807715756,32.38231862127954,-3.1619783114402367,-3.8669134482030643,4.995110254830434,16.70035003055266,31.569864990969844,-2.1577160449236032,-4.118772191949276
233,3.8833333333333333,17.22500873841866,32.32006135407257,-3.0154841578258385,-3.7354360324179936,4.800690268949381,16.66598613354051,31.5063249663893,-2.0618338207289355,-3.812401474832612
234,3.9,17.175141246729662,32.260031726839,-2.992049501339764,-3.6017776340140983,4.682431242778876,16.633119577389014,31.446343414396896,-1.9719933690898017,-3.5988931195442575
235,3.9166666666666665,17.124300029702468,32.20221697219072,-3.0504730216316744,-3.4688852788970337,4.619366919162325,16.60152997408028,31.38909263017795,-1.8953761985240902,-3.4350470531368416
236,3.933333333333333,17.072619256274656,32.14376974642428,-3.1008464056687046,-3.5068335459861544,4.681146221899327,16.570166526059065,31.333666019171652,-1.8818068812728228,-3.325596660377812
237,3.95,17.020301176009106,32.079692927970136,-3.1390848159330176,-3.8446091072488286,4.963352966409085,16.537497405210793,31.279268162527174,-1.960147250896327,-3.2638713986686696
238,3.966666666666667,16.967515059579924,32.01045980586021,-3.1671669857509244,-4.153987326595683,5.223653647127473,16.503546804548876,31.225454304871327,-2.0370360397150478,-3.2288314593508005
239,3.9833333333333334,16.914790781846847,31.941369293345062,-3.1634566639846184,-4.1454307509087585,5.214600097369754,16.469609378707183,31.171842436872744,-2.0362455505015475,-3.2167120799149984
240,4.0,16.862512352280397,31.874973066603193,-3.136705773986961,-3.9837736045121375,5.07044132641043,16.4364248639099,31.11800117921453,-1.9910708878370542,-3.2304754594927942
241,4.016666666666667,16.81022357482156,31.8124489867781,-3.1373266475302586,-3.751444789505527,4.890414757667453,16.404975477756025,31.064318268356015,-1.8869631692324162,-3.220974651510957
242,4.033333333333333,16.756876871695493,31.756561669010132,-3.2008021875640225,-3.3532390660781175,4.635660349743829,16.37683387294644,31.011366815124134,-1.6884962885750099,-3.17708719391284
243,4.05,16.70303632693325,31.706262047889247,-3.230432685734499,-3.0179772672531158,4.42084631294941,16.35163291775574,30.959104606182372,-1.512057311442092,-3.135732536505742
244,4.066666666666666,16.65092240646594,31.656087971462014,-3.126835228038587,-3.0104445856339623,4.3404925004515285,16.32683559960099,30.90732934509975,-1.4878390892850035,-3.1065156649572856
245,4.083333333333333,16.60181396229099,31.603294143857806,-2.946506650497085,-3.1676296562525152,4.326173722886539,16.30047773624425,30.855651898702284,-1.5814718014043905,-3.100646783847978
246,4.1,16.55524203009019,31.549202888587452,-2.7943159320479083,-3.2454753162212313,4.28267574727507,16.27197419006924,30.80158426884529,-1.7102127705005898,-3.244057791419692
247,4.116666666666666,16.510349094860537,31.495885522069162,-2.6935761137792724,-3.19904199109736,4.182011709874377,16.240779435764857,30.73999574175373,-1.871685258263014,-3.6953116254935026
248,4.133333333333334,16.467010062635755,31.443531229937683,-2.600341933486945,-3.1412575278887545,4.077901056618269,16.206806599985978,30.672570631922817,-2.0383701467327597,-4.045506589854853
249,4.15,16.42557514847522,31.391170026457033,-2.486094849631968,-3.141672208839026,4.006341456885332,16.16954149154231,30.606186957929093,-2.235906506619969,-3.983020439623388
250,4.166666666666667,16.3861097463927,31.338030332537365,-2.3679241249512017,-3.188381635180093,3.9715037596708376,16.129281579431396,30.54416390699962,-2.4155947266549305,-3.721383055768328
251,4.183333333333334,16.348317215490734,31.282847742852688,-2.2675518541180395,-3.310955381080589,4.013005973907922,16.09292254145516,30.493339896630747,-2.1815422785741845,-3.049440622132451
252,4.2,16.311095072971646,31.22361875440967,-2.233328551145277,-3.5537393065810363,4.197239506687667,16.064561230439992,30.46160322795442,-1.701678660910062,-1.904200120579631
253,4.216666666666667,16.275190832478334,31.16061285475542,-2.1542544295987653,-3.780353979255011,4.351078987551834,16.044462558731798,30.44828755449294,-1.2059203024916343,-0.7989404076888462
254,4.233333333333333,16.242765299284336,31.096489426138508,-1.9455319916398395,-3.84740571701478,4.311336855525453,16.032747430338333,30.447303723626273,-0.7029077036079201,-0.05902985199995214
255,4.25,16.214065599769313,31.033184796041798,-1.7219819709013962,-3.79827780580257,4.170388015300476,16.02866856019236,30.456370175812427,-0.24473220875826485,0.5439871311692457
256,4.266666666666667,16.188940303184907,30.971665548065815,-1.5075177950643592,-3.6911548785590043,3.9871335869200126,16.02540489723615,30.467918659593483,-0.19581977737267664,0.6929090268633331
257,4.283333333333333,16.166352269152434,30.91283156986537,-1.3552820419484135,-3.5300386920265936,3.7812646800287184,16.018552827473584,30.470858415161345,-0.41112418575394827,0.17638533407172474
258,4.3,16.14636130286531,30.857434537433008,-1.199457977227496,-3.323821945941816,3.5336230369776453,16.00866763198269,30.462495973166856,-0.5931117294537103,-0.5017465196693394
259,4.316666666666666,16.129661846527675,30.806124061565164,-1.0019673802580087,-3.078628552070626,3.2375750790870588,15.998926866207594,30.446937947135172,-0.5844459465057383,-0.9334815619010328
260,4.333333333333333,16.115537413016252,30.75934838527767,-0.8474660106853804,-2.8065405772497343,2.931700641439413,15.991465942817328,30.42530263996975,-0.44765540341593635,-1.2981184299253101
261,4.35,16.10459966415329,30.716148325074617,-0.6562649317776703,-2.5920036121831203,2.6737925099475266,15.986358081803626,30.402150890855243,-0.30647166082211186,-1.3891049468704608
262,4.366666666666666,16.099506907944768,30.67523259147359,-0.3055653725113672,-2.4549440160615177,2.473887693262219,15.983539076702936,30.38509654493333,-0.16914030604141317,-1.0232607553147943
263,4.383333333333334,16.098957983044667,30.636167030683712,-0.03293549400609663,-2.3439336473927597,2.344165030484277,15.982445712859445,30.375880127838656,-0.06560183060948077,-0.5529850256804281
264,4.4,16.098995745265817,30.59909361141924,0.0022657332690556586,-2.2244051558683964,2.2244063097827143,15.981665692163114,30.37044876634156,-0.04680124177983913,-0.32588168982570664
265,4.416666666666667,16.09990944423177,30.563938149128003,0.05482193795714352,-2.1093277374741604,2.110040034918588,15.98007680517121,30.3657118342885,-0.0953332195142309,-0.284215923183595
266,4.433333333333334,16.101176020605678,30.53071898609627,0.07599458243447543,-1.9931497819038668,1.994598012047245,15.976781549301295,30.3576348470746,-0.19771535219490488,-0.4846192328340493
267,4.45,16.102437511734717,30.499351616264782,0.0756894677423503,-1.8820421898893613,1.8835635641120962,15.969190008069353,30.339414893253615,-0.45549247391655,-1.0931972292591041
268,4.466666666666667,16.103415966924164,30.470013977035745,0.05870731136681684,-1.760258353742259,1.7612370710177911,15.956482671953228,30.30847615950399,-0.7624401669674441,-1.8563240249775248
269,4.483333333333333,16.103247006442995,30.44324288003946,-0.010137628870126036,-1.606265819777093,1.6062978102778092,15.940807666538884,30.2674036629681,-0.9405003248606647,-2.464349792153371
270,4.5,16.101011063318342,30.419139490467586,-0.13415658747916837,-1.446203374312418,1.452412541200564,15.923737458208459,30.218690169665408,-1.0242124998255164,-2.9228095981615354
271,4.516666666666667,16.09723255236448,30.396864936564523,-0.2267106572316635,-1.3364732341837993,1.3555657224170716,15.903815781714957,30.165724195021195,-1.1953005896100777,-3.1779584786527693
272,4.533333333333333,16.092083302988325,30.37461368688254,-0.3089549625693877,-1.3350749809189466,1.3703570241261864,15.87436526110239,30.11607362291172,-1.767031236754022,-2.9790343265684527
273,4.55,16.08501892938927,30.350867746615826,-0.42386241594321916,-1.4247564160028503,1.4864690351939758,15.832602096845836,30.073238118109135,-2.5057898553932745,-2.5701302881551413
274,4.566666666666666,16.074745870183644,30.32425675693904,-0.6163835523376093,-1.5966593806071927,1.7115051449742342,15.779779236044806,30.03618205688627,-3.1693716480617695,-2.223363673371992
275,4.583333333333333,16.05965782686784,30.29398510490089,-0.9052825989481761,-1.8162991222889247,2.0294036280606877,15.715985839773765,30.005235917586912,-3.827603776262478,-1.8567683579613714
276,4.6,16.040252338417616,30.262316038932862,-1.164329307013503,-1.9001439580816992,2.2284994495410877,15.647673401404372,29.976934579007214,-4.098746302163576,-1.6980803147819046
277,4.616666666666666,16.017588680697408,30.233251583191436,-1.3598194632125171,-1.7438673444856079,2.2113756550380272,15.587662761971751,29.94398974490148,-3.600638365957245,-1.9766900463440606
278,4.633333333333334,15.993010732543251,30.207982699196098,-1.4746768892494089,-1.5161330397202732,2.1150251350321465,15.54067579107019,29.90706485131556,-2.819218254093734,-2.2154936151551397
279,4.65,15.968945414320215,30.18510245010634,-1.4439190933821422,-1.3728149453855565,1.9923662370426416,15.503830674955495,29.87325115024767,-2.2107069668816592,-2.0288220640735233
280,4.666666666666667,15.947701812515273,30.164090316252317,-1.2746161082965202,-1.2607280312413138,1.792785930412933,15.476767845465359,29.843145961870437,-1.6237697694081632,-1.8063113026338584
281,4.683333333333334,15.928825514010253,30.144565277102608,-1.1325779103012223,-1.1715023489825427,1.6294632479972966,15.453925990201066,29.8178891903996,-1.37051131585757,-1.5154062882501762
282,4.7,15.911026205943397,30.126149624132566,-1.067958484011342,-1.1049391782024998,1.5366931740261682,15.427279895560805,29.801149955971713,-1.5987656784156812,-1.004354065673283
283,4.716666666666667,15.89450006161942,30.10878769810099,-0.9915686594386486,-1.0417155618945628,1.4381862599379343,15.397521789415517,29.791789610902086,-1.785486368717244,-0.5616207041776278
284,4.733333333333333,15.880253075930653,30.092825976019913,-0.8548191413259687,-0.9577033248645961,1.2837100228766496,15.371434061130978,29.784247683436167,-1.5652636970723321,-0.45251564795513843
285,4.75,15.868168015797087,30.078471488493257,-0.7251036080139883,-0.8612692515993814,1.1258596564871939,15.349114266527161,29.777442008812184,-1.3391876762290167,-0.4083404774389976
286,4.766666666666667,15.858048604589676,30.065356800218268,-0.6071646724446467,-0.786881296499331,0.9938969334117512,15.331581949473268,29.771792272573254,-1.0519390232336079,-0.33898417433576356
287,4.783333333333333,15.848546277706362,30.053001458965408,-0.5701396129988723,-0.7413204751716052,0.9352086533063936,15.319634052653111,29.768670001180496,-0.7168738092094173,-0.18733628356550014
288,4.8,15.837898259970427,30.041402590931323,-0.6388810641561093,-0.6959320820450898,0.9447171412422114,15.311216428621046,29.76720576271288,-0.5050574419238885,-0.08785430805694716
289,4.816666666666666,15.824683268503854,30.031027774535552,-0.7928994879943474,-0.6224889837462655,1.008058595988922,15.30345093741724,29.7640494074803,-0.46592947222833914,-0.1893813139547973
290,4.833333333333333,15.808547546031459,30.02214549730249,-0.9681433483437019,-0.5329366339837804,1.1051348328525874,15.296948923790612,29.757382423201353,-0.39012081759768336,-0.4000190567368378
291,4.85,15.7903603761271,30.014257517328478,-1.0912301942614988,-0.4732787984406883,1.1894436337722987,15.291141602275395,29.748548071044848,-0.3484392909130207,-0.5300611293903046
292,4.866666666666666,15.77309306896329,30.00666164914312,-1.0360384298286718,-0.4557520911215107,1.1318505186832266,15.289024079849947,29.739381763332496,-0.12705134552692954,-0.549978462741123
293,4.883333333333334,15.757903136854601,29.999310028002938,-0.9113959265213012,-0.44109726841085717,1.0125262145145382,15.290774840111348,29.730381449787316,0.10504561568410509,-0.5400188127107697
294,4.9,15.74366660928322,29.992539072989644,-0.8541916542828432,-0.40625730079767663,0.9458796840496545,15.291867249955672,29.72161598746745,0.06554459065942098,-0.5259277391918715
295,4.916666666666667,15.730019007157503,29.98639849243741,-0.8188561275430217,-0.3684348331340459,0.897925154944033,15.290395370489822,29.713841035952708,-0.08831276795099541,-0.46649709088463
296,4.933333333333334,15.716272582583548,29.981441032257013,-0.8247854744373484,-0.2974476108237667,0.8767817060292766,15.287537406806884,29.707487860722456,-0.17147782097630682,-0.3811905138151417
297,4.95,15.70057640355573,29.978293707052295,-0.9417707416691101,-0.1888395122831099,0.9605167834365563,15.284299938333987,29.706831333695373,-0.1942481083737846,-0.03939162162495791
298,4.966666666666667,15.683890363504373,29.97678225416518,-1.0011624030813593,-0.090687173226911,1.0052613196236737,15.280933906372269,29.712201959376916,-0.2019619177031018,0.32223754089258705
299,4.983333333333333,15.669581059359235,29.976044666859202,-0.8585582487082988,-0.04425523835863032,0.859698082205166,15.27807850999618,29.719639175274544,-0.1713237825653735,0.44623295385768813
300,5.0,15.65806306930718,29.97550086136429,-0.691079403123247,-0.03262832969483043,0.6918492244122688,15.276523925353086,29.729596509413415,-0.0932750785856129,0.5974400483322739
301,5.016666666666667,15.649686008117472,29.97494517564558,-0.5026236713825227,-0.03334114312252723,0.5037282867367715,15.275828111041543,29.740314660806945,-0.041748858692578494,0.6430890836117698
302,5.033333333333333,15.645835071909802,29.974192020584525,-0.23105617246017118,-0.045189303663306646,0.23543370191525023,15.275565152116751,29.74609417726241,-0.015777535487480066,0.346770987327929
303,5.05,15.645450471299677,29.973225095974357,-0.023076036607534434,-0.05801547661008044,0.06243635953358476,15.275548982707976,29.74652739666062,-0.0009701645265280945,0.025993163892650273
304,5.066666666666666,15.644101866956667,29.972180023776264,-0.08091626058057244,-0.06270433188554136,0.10236832744338076,15.275548982707976,29.74652739666062,0.0,0.0
305,5.083333333333333,15.637536442329079,29.970678788575356,-0.3939254776553014,-0.09007411205452343,0.40409235034626456,15.275548982707976,29.74652739666062,0.0,0.0
306,5.1,15.625235013462532,29.96830914564836,-0.7380857319927969,-0.14217857561980907,0.7516550373253814,15.275548982707976,29.74652739666062,0.0,0.0
307,5.116666666666666,15.612933584595988,29.965939502721366,-0.7380857319926903,-0.1421785756195959,0.7516550373252364,15.275548982707976,29.74652739666062,0.0,0.0
308,5.133333333333334,15.600632155729441,29.96356985979437,-0.7380857319927969,-0.14217857561980907,0.7516550373253814,15.275548982707976,29.74652739666062,0.0,0.0
